{
  "title": "BigstreamConsole-app",
  "contents": [
    {
      "x": 448,
      "y": 344,
      "type": "link",
      "path": "/Applications"
    },
    {
      "x": 192,
      "y": 344,
      "type": "file",
      "path": "/Users/theerapong/Documents/My_Work/NECTEC/Bigstream/BigstreamConsoleDev/release-builds/BigstreamConsole-darwin-x64/BigstreamConsole.app"
    }
  ],
  "icon": "/Users/theerapong/Documents/My_Work/NECTEC/Bigstream/BigstreamConsoleDev/assets/icons/mac/icon.icns",
  "icon-size": 80,
  "background": "/Users/theerapong/Documents/My_Work/NECTEC/Bigstream/BigstreamConsoleDev/node_modules/electron-installer-dmg/resources/mac/background.png",
  "format": "UDZO"
}